{
    "ROI": {
        "OffsetX": 0,
        "OffsetY": 0,
        "Width": 1984,
        "Height": 1264
    },
    "FPS": 29.998450080079195,
    "Gain": 5.583963394165039,
    "Exposure": 14.833777777777778
}